game_name,contract_address
diamonds,N/A
plinko,N/A
MonkeyMadness,N/A
ReleaseThePhoenix,N/A
KingMokoke,N/A
ValkyriesOfValhalla,N/A
MadameFortune,N/A
GalacticQuest,N/A
SweetBazinga,N/A
WonkasFactory,N/A
tower,N/A
TurboRush,N/A
hellspin,N/A
TheDogMansion,N/A
coinflip,N/A
furyroad,N/A
roulette,N/A
GalacticQuest,N/A
mines,N/A
dice,N/A
crash,N/A
limbo,N/A
DragonBazinga,N/A
MonkeyMadness,N/A
MidasGoldRush,N/A
StarlightQueen,N/A
CandyRush,N/A
CandyRush,N/A
CandyPlanet,N/A
BuffaloFury,N/A
BuffaloFury,N/A
EchoesOfTheAbyss,N/A
keno,N/A
jackpot,N/A
EchoesOfTheAbyss,N/A
MysticGemstorm,N/A
ShadowBlade,N/A
TurboRush,N/A
CandyPlanet,N/A
FruitFiesta,N/A
MidasGoldRush,N/A
GatesOfZeus,N/A
MidnightHustle,N/A
ReleaseThePhoenix,N/A
TheDogMansionWildWildDog,N/A
MidnightHustle,N/A
CleopatrasFortune,N/A
BountyBay,N/A
BountyBay,N/A
CleopatrasFortune,N/A
DragonBazinga,N/A
ValkyriesOfValhalla,N/A
WastelandWonder,N/A
MadameFortune,N/A
TheDogMansionWildWildDog,N/A
TheDogMansion,N/A
KingMokoke,N/A
WastelandWonder,N/A
StarlightQueen,N/A
WonkasFactory,N/A
JungleFever,N/A
MysticGemstorm,N/A
ShadowBlade,N/A
SweetBazinga,N/A
GatesOfZeus,N/A
DoomOfHellfire,N/A
DoomOfHellfire,N/A
JungleFever,N/A
FruitFiesta,N/A
